gid,shape_leng,fnode_,tnode_,name,roadtype,froadname,troadname,fnodex,fnodey,tnodex,tnodey,subsections,subsections2,length,code,code2,arcid,northangle,direction,lanenum,distric,jtl,lanenum_same,lanenum_op,fnode_tnode,comsituation,roadlevel,roadlayer,geom,speed,haskk,region,roadatt,drivedir,bigroadid,fn1,roadlevel_temp,build,edit_time,midnodex,midnodey,roadlevel_label,cll,funclevel,rdlv,arrows,floor,carnum,zdlx,northangle_f,direction_f,cdlc,pcsid,ssfj,roadkind
6577,,-34180200000324,34180200000236,梅溪路,6,无名路,文昌路,118.708598,30.961615,118.710058,30.960987,,,147.93,,,34180200731,118.00,东,1,341802,1,1,,-34180200000324_34180200000236,,06,1,"MULTILINESTRING ((118.708519958359 30.9614069371334, 118.708819880372 30.961306983117, 118.709299887175 30.9610969307641, 118.709509957327 30.9610070048491, 118.709649928535 30.9609369511133, 118.70989990194 30.9608069829184))",60.00,,,,99,,,,,,118.70922,30.961132,06,,5,4,,1,,,109.00,东,182.97,341804000000,341804,0
382,,34180200000271,34180200000341,梅溪路,6,鸿越大道,梅溪路,118.703501,30.961665,118.706031,30.961897,,,239.07,,,34180200913,92.00,东,3,341802,1,3,,34180200000271_34180200000341,,04,1,"MULTILINESTRING ((118.703560878226 30.96171699152, 118.703880889094 30.9617870175251, 118.704760923183 30.9619369813421, 118.705320906491 30.9619969807756, 118.705930909844 30.9619969565987, 118.706030916606 30.9619869755171))",60.00,,,,99,,,,,,118.704787,30.96194,04,,3,3,,1,,,78.00,东,796.79,341804000000,341804,0
16216,,34180200000271,34180200000323,梅溪路,6,鸿越大道,梅溪路,118.703501,30.961665,118.703091,30.961792,,,35.81,,,34180200914,256.00,西,3,341802,1,3,,34180200000271_34180200000323,,04,1,"MULTILINESTRING ((118.703460868028 30.9618270179249, 118.703100930379 30.9617369484411))",60.00,,,,99,,,,,,118.703281,30.961782,04,,3,3,,1,,,256.00,西,195.36,341804000000,341804,0
2365,,34180200000023,34180200000388,梅溪路,6,宝城路辅路,景德路,118.732407,30.950601,118.734936,30.948746,,,298.12,,,34180200109,128.00,东,3,341802,1,3,,34180200000023_34180200000388,,03,1,"MULTILINESTRING ((118.732516850419 30.95057093345, 118.732536873146 30.9505610121663, 118.732666925483 30.9504709495375, 118.732766880226 30.9504009568855, 118.733006935884 30.9502409468749, 118.733396913602 30.9499610166019, 118.733396913602 30.9499610166019, 118.733516916618 30.9498709977357, 118.733716851919 30.9497209970601, 118.733896945055 30.9495909288369, 118.734225912093 30.9493409536806, 118.734385880185 30.9492209881381, 118.734445865773 30.9491809402239, 118.734645950751 30.9490220050345, 118.7348955286658 30.94883268563893))",60.00,,,,99,,,,,,118.733719,30.949719,03,,2,2,,1,,,125.00,东,975.75,341804000000,341804,0
7920,,34180200005496,34180200000193,梅溪路,6,响山路,响山路,118.754913,30.938585,118.755743,30.938312,,,81.18,,,34180200517,111.00,东,3,341802,1,3,,34180200005496_34180200000193,,03,1,"MULTILINESTRING ((118.754912923973 30.9385849720605, 118.755442923957 30.9383849895813, 118.755692877955 30.9382949900357))",60.00,,,,99,,,,,,118.755302,30.938438,03,,4,2,,1,,,112.00,东,240.92,341802000000,341802,0
2559,,34180200000207,34180200005586,梅溪路,6,状元南路,梅溪路,118.751257,30.939928,118.751564,30.939785,,,28.08,,,34180200583,111.00,东,3,341802,1,3,,34180200000207_34180200005586,,03,1,"MULTILINESTRING ((118.751293872841 30.9398849546169, 118.751563851746 30.9397849485425))",60.00,,,,99,,,,,,118.751429,30.939835,03,,4,2,,1,,,111.00,东,164.66,341802000000,341802,0
13674,,34180200000525,34180200006036,梅溪路,6,梅溪路,水阳江西大道,118.714784,30.958353,118.716439,30.957328,,,193.42,,,34180201964,119.00,东,1,341802,1,1,,34180200000525_34180200006036,,06,1,"MULTILINESTRING ((118.714718953522 30.9582479848997, 118.716438951917 30.957327971984))",50.00,,,,99,,,,,,118.715579,30.957788,06,,5,4,,1,,,119.00,东,203.12,341804000000,341804,0
322,,34180200000388,34180200005636,梅溪路,6,景德路,无名路,118.734936,30.948746,118.736056,30.947952,,,135.72,,,34180201411,129.00,东,3,341802,1,3,,34180200000388_34180200005636,,03,1,"MULTILINESTRING ((118.73499234790528 30.9487629757865, 118.735415861794 30.9484519843926, 118.735595875484 30.9483119914892, 118.735985892561 30.9480119355891, 118.736055879285 30.947951995885))",60.00,,,,99,,,,,,118.735529,30.948364,03,,2,2,,1,,,127.00,东,437.38,341804000000,341804,0
7633,,34180200000324,34180200000236,梅溪路,6,无名路,文昌路,118.708598,30.961615,118.710058,30.960987,,,155.31,,,34180200734,117.00,东,3,341802,1,3,,34180200000324_34180200000236,,04,1,"MULTILINESTRING ((118.708589953572 30.9615869803057, 118.708999919208 30.9614469590276, 118.709319928613 30.9613169676044, 118.709589865812 30.9611969300079, 118.709809880189 30.9611069622347, 118.710049907895 30.9609769449412))",60.00,,,,99,,,,,,118.709332,30.961311,04,,3,3,,1,,,110.00,东,498.98,341804000000,341804,0
12731,,34180200005467,34180200005649,梅溪路,6,梅溪路,状元南路,118.750324,30.940275,118.750894,30.939975,,,67.02,,,34180202963,113.00,东,1,341802,1,1,,34180200005467_34180200005649,,06,1,"MULTILINESTRING ((118.750323872881 30.9402750048588, 118.750343869774 30.9401949856683, 118.750893932574 30.9399749930874))",50.00,,,,99,,,,,,118.750581,30.9401,06,,5,4,,1,,,119.00,东,68.48,341802000000,341802,0
15334,,-34180200000356,34180200000357,梅溪路,6,梅溪路,梅溪路,118.715609,30.958213,118.714229,30.958938,,,154.71,,,34180201280,299.00,西,1,341802,1,1,,-34180200000356_34180200000357,,06,1,"MULTILINESTRING ((118.715638862694 30.9582579656908, 118.715178860709 30.9585080107658, 118.714258908706 30.9589879778032))",50.00,,,,99,,,,,,118.714951,30.958627,06,,5,4,,1,,,300.00,西,155.94,341804000000,341804,0
15737,,34180200000356,34180200000357,梅溪路,6,梅溪路,梅溪路,118.715609,30.958213,118.714229,30.958938,,,154.15,,,34180201281,299.00,西,3,341802,1,3,,34180200000356_34180200000357,,04,1,"MULTILINESTRING ((118.71557894683 30.9581680063352, 118.715268914546 30.9583280117942, 118.715128949846 30.9583979811617, 118.714888861515 30.9585179947194, 118.714198919424 30.9588880050524))",60.00,,,,99,,,,,,118.714885,30.95852,04,,3,3,,1,,,298.00,西,475.26,341804000000,341804,0
16719,,34180200006023,34180200000356,梅溪路,6,梅溪路,梅溪路,118.716469,30.957828,118.715609,30.958213,,,92.53,,,34180201282,298.00,西,1,341802,1,1,,34180200006023_34180200000356,,06,1,"MULTILINESTRING ((118.716468936547 30.9578279887269, 118.715638862694 30.9582579656908))",50.00,,,,99,,,,,,118.716054,30.958043,06,,5,4,,1,,,298.00,西,89.57,341804000000,341804,0
2367,,34180200005876,34180200000356,梅溪路,6,梅溪路,梅溪路,118.716239,30.957808,118.715609,30.958213,,,74.63,,,34180201283,300.00,西,3,341802,1,3,,34180200005876_34180200000356,,04,1,"MULTILINESTRING ((118.716238908246 30.9578079497227, 118.71557894683 30.9581680063352))",60.00,,,,99,,,,,,118.715909,30.957988,04,,3,3,,1,,,300.00,西,264.94,341804000000,341804,0
9317,,-34180200000320,34180200000229,梅溪路,6,梅溪路,Ｘ０１９,118.695398,30.959767,118.691649,30.958830,,,379.77,,,34180200682,256.00,西,1,341802,1,1,,-34180200000320_34180200000229,,06,1,"MULTILINESTRING ((118.695347952472 30.9599439712156, 118.691533867146 30.9589799553042))",60.00,,,,99,,,,,,118.693441,30.959462,06,,5,4,,1,,,256.00,西,414.01,341804000000,341804,0
8247,,34180200000357,34180200000244,梅溪路,6,梅溪路,兴隆路,118.714229,30.958938,118.713936,30.958875,,,21.27,,,34180200773,299.00,西,3,341802,1,3,,34180200000357_34180200000244,,04,1,"MULTILINESTRING ((118.714198919424 30.9588880050524, 118.714008927161 30.9589879564177))",60.00,,,,99,,,,,,118.714104,30.958938,04,,3,3,,1,,,299.00,西,61.73,341804000000,341804,0
452,,34180200000357,34180200000347,梅溪路,6,梅溪路,梅溪路,118.714229,30.958938,118.713874,30.959128,,,40.33,,,34180201237,299.00,西,1,341802,1,1,,34180200000357_34180200000347,,06,1,"MULTILINESTRING ((118.714258908706 30.9589879778032, 118.713898950077 30.9591779619309))",50.00,,,,99,,,,,,118.714079,30.959083,06,,5,4,,1,,,299.00,西,42.15,341804000000,341804,0
1745,,34180200000025,34180200000023,梅溪路,6,宛陵西路,宝城路辅路,118.731609,30.951151,118.732407,30.950601,,,88.50,,,34180200110,124.00,东,3,341802,1,3,,34180200000025_34180200000023,,03,1,"MULTILINESTRING ((118.731666888734 30.9511209905112, 118.731976880585 30.9509209827285, 118.73240695219 30.9506409690097))",60.00,,,,99,,,,,,118.732037,30.950882,03,,3,2,,1,,,124.00,东,312.9,341804000000,341804,0
4748,,-34180200000244,34180200000525,梅溪路,6,兴隆路,梅溪路,118.713936,30.958875,118.714784,30.958353,,,99.74,,,34180200771,119.00,东,1,341802,1,1,,-34180200000244_34180200000525,,06,1,"MULTILINESTRING ((118.713828867335 30.9587179898655, 118.714718953522 30.9582479848997))",50.00,,,,99,,,,,,118.714274,30.958483,06,,5,4,,1,,,119.00,东,129.76,341804000000,341804,0
2399,,-34180200000229,34180200000468,梅溪路,6,Ｘ０１９,梅溪路,118.691649,30.958830,118.694090,30.959312,,,231.38,,,34180200677,75.00,东,1,341802,1,1,,-34180200000229_34180200000468,,06,1,"MULTILINESTRING ((118.691792962669 30.9586299600951, 118.694109936926 30.9592369637321))",60.00,,,,99,,,,,,118.692951,30.958933,06,,5,4,,1,,,75.00,东,283.75,341804000000,341804,0
14942,,34180200000229,34180200000468,梅溪路,6,Ｘ０１９,梅溪路,118.691649,30.958830,118.694090,30.959312,,,238.00,,,34180200678,76.00,东,3,341802,1,3,,34180200000229_34180200000468,,04,1,"MULTILINESTRING ((118.691673899779 30.9587999489169, 118.69406987466 30.9593869738188))",60.00,,,,99,,,,,,118.692872,30.959093,04,,3,3,,1,,,76.00,东,802.47,341804000000,341804,0
6936,,34180200000320,34180200000229,梅溪路,6,梅溪路,Ｘ０１９,118.695398,30.959767,118.691649,30.958830,,,375.17,,,34180200683,256.00,西,3,341802,1,3,,34180200000320_34180200000229,,04,1,"MULTILINESTRING ((118.695367959118 30.9598439319154, 118.694019965784 30.9595069814811, 118.691593872925 30.958909975418))",60.00,,,,99,,,,,,118.693482,30.959374,04,,3,3,,1,,,256.00,西,1215.18,341804000000,341804,0
15147,,34180200005636,34180200005642,梅溪路,6,无名路,无名路,118.736056,30.947952,118.739816,30.945383,,,459.02,,,34180203130,122.00,东,3,341802,1,3,,34180200005636_34180200005642,,03,1,"MULTILINESTRING ((118.736055879285 30.947951995885, 118.736225918428 30.9478219693887, 118.736675888557 30.9474919670764, 118.737165895343 30.947141938994, 118.738195938355 30.9463730033041, 118.738365915752 30.9462630022791, 118.738605951545 30.9461029825046, 118.739815942663 30.945382944676))",60.00,,,,99,,,,,,118.737891,30.946601,03,,2,2,,1,,,128.00,东,1381.98,341802000000,341802,0
15670,,-34180200000236,34180200000324,梅溪路,6,文昌路,无名路,118.710058,30.960987,118.708598,30.961615,,,163.45,,,34180200724,289.00,西,1,341802,1,1,,-34180200000236_34180200000324,,06,1,"MULTILINESTRING ((118.710179878206 30.9611269641083, 118.709729960077 30.9613570098216, 118.709549934956 30.9614469896149, 118.70932991955 30.9615369569785, 118.709149926284 30.961617012294, 118.708649867385 30.9617769900592))",60.00,,,,99,,,,,,118.709433,30.961495,06,,5,4,,1,,,298.00,西,199.55,341804000000,341804,0
7678,,-34180200000236,34180200000332,梅溪路,6,文昌路,梅溪路,118.710058,30.960987,118.712140,30.959900,,,237.59,,,34180200726,119.00,东,1,341802,1,1,,-34180200000236_34180200000332,,06,1,"MULTILINESTRING ((118.70989990194 30.9608069829184, 118.711169885459 30.9601469449474, 118.712019874029 30.9596869615635))",50.00,,,,99,,,,,,118.710964,30.960254,06,,5,4,,1,,,118.00,东,277.08,341804000000,341804,0
11275,,34180200000236,34180200000332,梅溪路,6,文昌路,梅溪路,118.710058,30.960987,118.712140,30.959900,,,232.59,,,34180200727,119.00,东,3,341802,1,3,,34180200000236_34180200000332,,04,1,"MULTILINESTRING ((118.710049907895 30.9609769449412, 118.712039932218 30.9599369486148, 118.712129905195 30.9598869507273))",60.00,,,,99,,,,,,118.711091,30.960433,04,,3,3,,1,,,119.00,东,763.43,341804000000,341804,0
15046,,34180200000236,34180200000324,梅溪路,6,文昌路,无名路,118.710058,30.960987,118.708598,30.961615,,,158.12,,,34180200728,291.00,西,3,341802,1,3,,34180200000236_34180200000324,,04,1,"MULTILINESTRING ((118.71009986589 30.9610369975395, 118.709699943962 30.9612469854115, 118.709639866446 30.9612770096744, 118.709499924085 30.9613369590861, 118.709289928514 30.9614369879516, 118.708979895634 30.9615570140421, 118.708659915974 30.9616769905263, 118.708629943959 30.9616869495717))",60.00,,,,99,,,,,,118.709379,30.961394,04,,3,3,,1,,,299.00,西,555.65,341804000000,341804,0
5642,,-34180200000332,34180200000236,梅溪路,6,梅溪路,文昌路,118.712140,30.959900,118.710058,30.960987,,,229.00,,,34180200732,298.00,西,1,341802,1,1,,-34180200000332_34180200000236,,06,1,"MULTILINESTRING ((118.712229875331 30.9600569417382, 118.711429942968 30.9604769302941, 118.710459925971 30.9609869438723, 118.710179878206 30.9611269641083))",50.00,,,,99,,,,,,118.711206,30.960595,06,,5,4,,1,,,299.00,西,273.46,341804000000,341804,0
7185,,34180200000332,34180200000236,梅溪路,6,梅溪路,文昌路,118.712140,30.959900,118.710058,30.960987,,,231.52,,,34180200733,299.00,西,3,341802,1,3,,34180200000332_34180200000236,,04,1,"MULTILINESTRING ((118.712179905553 30.9599669391805, 118.712009861931 30.9600469567348, 118.711629869255 30.9602469432553, 118.711019931585 30.9605669813294, 118.710869911459 30.9606369891607, 118.710729909206 30.9607169681125, 118.710519916343 30.9608169988897, 118.710399865401 30.9608769565386, 118.71009986589 30.9610369975395))",60.00,,,,99,,,,,,118.711141,30.960504,04,,3,3,,1,,,298.00,西,793.71,341804000000,341804,0
4400,,-34180200000332,34180200000244,梅溪路,6,梅溪路,兴隆路,118.712140,30.959900,118.713936,30.958875,,,203.51,,,34180200774,119.00,东,1,341802,1,1,,-34180200000332_34180200000244,,06,1,"MULTILINESTRING ((118.712019874029 30.9596869615635, 118.713379879358 30.958957959073, 118.713828867335 30.9587179898655))",50.00,,,,99,,,,,,118.712924,30.959202,06,,5,4,,1,,,119.00,东,248.65,341804000000,341804,0
16138,,34180200000244,34180200000525,梅溪路,6,兴隆路,梅溪路,118.713936,30.958875,118.714784,30.958353,,,98.34,,,34180200770,118.00,东,3,341802,1,3,,34180200000244_34180200000525,,04,1,"MULTILINESTRING ((118.713968944089 30.9589179397319, 118.714158936261 30.9588179884279, 118.71453891778 30.9586179948288, 118.714848952283 30.9584579910492))",60.00,,,,99,,,,,,118.714408,30.958687,04,,3,3,,1,,,119.00,东,343.88,341804000000,341804,0
13227,,34180200000332,34180200000244,梅溪路,6,梅溪路,兴隆路,118.712140,30.959900,118.713936,30.958875,,,205.95,,,34180200775,119.00,东,3,341802,1,3,,34180200000332_34180200000244,,04,1,"MULTILINESTRING ((118.712129905195 30.9598869507273, 118.713628907011 30.9590980059741, 118.713798873384 30.9590079736537, 118.713968944089 30.9589179397319))",60.00,,,,99,,,,,,118.71305,30.959403,04,,3,3,,1,,,119.00,东,678.66,341804000000,341804,0
6637,,34180200000244,34180200000347,梅溪路,6,兴隆路,梅溪路,118.713936,30.958875,118.713874,30.959128,,,18.34,,,34180200768,300.00,西,3,341802,1,3,,34180200000244_34180200000347,,04,1,"MULTILINESTRING ((118.714008927161 30.9589879564177, 118.713878875721 30.9590679871031, 118.71384890511 30.9590779473133))",60.00,,,,99,,,,,,118.71393,30.959036,04,,3,3,,1,,,300.00,西,168.68,341804000000,341804,0
2665,,34180200000391,34180200000500,梅溪路,6,陵西路,陵西路,118.749414,30.940849,118.749179,30.940949,,,27.67,,,34180201421,294.00,西,3,341802,1,3,,34180200000391_34180200000500,,03,1,"MULTILINESTRING ((118.749433845208 30.9408039762646, 118.749173880816 30.9409139463281))",60.00,,,,99,,,,,,118.749304,30.940859,03,,4,2,,1,,,294.00,西,74.58,341802000000,341802,0
6614,,34180200005638,34180200000391,梅溪路,6,梅溪路,陵西路,118.751014,30.940085,118.749414,30.940849,,,170.79,,,34180201423,295.00,西,3,341802,1,3,,34180200005638_34180200000391,,03,1,"MULTILINESTRING ((118.751013890208 30.9400849615538, 118.750813850781 30.9401749977896, 118.750573906762 30.9402749563819, 118.750383913117 30.9403649461154, 118.750053902562 30.9405249424564, 118.749623918439 30.9407240004696, 118.749433845208 30.9408039762646))",60.00,,,,99,,,,,,118.750223,30.940443,03,,4,2,,1,,,294.00,西,533.06,341802000000,341802,0
13558,,34180200000160,34180200005624,梅溪路,6,九同路,梅溪路,118.745222,30.942592,118.745205,30.942694,,,4.41,,,34180200336,298.00,西,3,341802,1,3,,34180200000160_34180200005624,,03,1,"MULTILINESTRING ((118.745244846685 30.9426739855823, 118.745204915179 30.9426940108557))",60.00,,,,99,,,,,,118.745225,30.942684,03,,2,2,,1,,,298.00,西,140.65,341802000000,341802,0
14982,,-34180200000316,34180200000358,梅溪路,6,无名路,无名路,118.707985,30.961907,118.707290,30.962046,,,46.31,,,34180201075,283.00,西,1,341802,1,1,,-34180200000316_34180200000358,,06,1,"MULTILINESTRING ((118.707869929603 30.96198694569, 118.707649883958 30.9620459673216, 118.707399873821 30.962085988624))",60.00,,,,99,,,,,,118.707637,30.962048,06,,5,4,,1,,,283.00,西,62.79,341804000000,341804,0
5374,,34180200000316,34180200000358,梅溪路,6,无名路,无名路,118.707985,30.961907,118.707290,30.962046,,,90.32,,,34180201077,281.00,西,3,341802,1,3,,34180200000316_34180200000358,,04,1,"MULTILINESTRING ((118.70809990182 30.9618269334494, 118.707859879304 30.9618869412521, 118.707389946311 30.9619869748685, 118.70717988408 30.9620069816238))",60.00,,,,99,,,,,,118.707643,30.961933,04,,3,3,,1,,,284.00,西,185.72,341804000000,341804,0
306,,-34180200000324,34180200000316,梅溪路,6,无名路,无名路,118.708598,30.961615,118.707985,30.961907,,,78.12,,,34180201078,285.00,西,1,341802,1,1,,-34180200000324_34180200000316,,06,1,"MULTILINESTRING ((118.708649867385 30.9617769900592, 118.708399941939 30.9618569768534, 118.707869929603 30.96198694569))",60.00,,,,99,,,,,,118.708262,30.961891,06,,5,4,,1,,,286.00,西,101.72,341804000000,341804,0
12308,,34180200000324,34180200000316,梅溪路,6,无名路,无名路,118.708598,30.961615,118.707985,30.961907,,,53.00,,,34180201079,286.00,西,3,341802,1,3,,34180200000324_34180200000316,,04,1,"MULTILINESTRING ((118.708629943959 30.9616869495717, 118.708399940149 30.9617569298071, 118.70809990182 30.9618269334494))",60.00,,,,99,,,,,,118.708367,30.961765,04,,3,3,,1,,,286.00,西,279.62,341804000000,341804,0
5110,,-34180200000317,34180200000320,梅溪路,6,梅溪路,梅溪路,118.695997,30.960053,118.695398,30.959767,,,63.54,,,34180201080,256.00,西,1,341802,1,1,,-34180200000317_34180200000320,,06,1,"MULTILINESTRING ((118.695986925314 30.9601029322515, 118.695347952472 30.9599439712156))",60.00,,,,99,,,,,,118.695667,30.960023,06,,5,4,,1,,,256.00,西,64.83,341804000000,341804,0
15112,,34180200000317,34180200000320,梅溪路,6,梅溪路,梅溪路,118.695997,30.960053,118.695398,30.959767,,,63.55,,,34180201081,256.00,西,3,341802,1,3,,34180200000317_34180200000320,,04,1,"MULTILINESTRING ((118.696006932908 30.960002983071, 118.695367959118 30.9598439319154))",60.00,,,,99,,,,,,118.695687,30.959923,04,,3,3,,1,,,256.00,西,201.93,341804000000,341804,0
1412,,34180200000334,34180200000317,梅溪路,6,梅溪路,梅溪路,118.698992,30.960646,118.695997,30.960053,,,294.59,,,34180201082,256.00,西,3,341802,1,3,,34180200000334_34180200000317,,04,1,"MULTILINESTRING ((118.69897291627 30.96072893926, 118.698502943391 30.9606200055142, 118.696006932908 30.960002983071))",60.00,,,,99,,,,,,118.697489,30.960369,04,,3,3,,1,,,257.00,西,986.98,341804000000,341804,0
1811,,-34180200000334,34180200000317,梅溪路,6,梅溪路,梅溪路,118.698992,30.960646,118.695997,30.960053,,,294.59,,,34180201083,256.00,西,1,341802,1,1,,-34180200000334_34180200000317,,06,1,"MULTILINESTRING ((118.698952913273 30.9608289789744, 118.697484868327 30.9604710002809, 118.695986925314 30.9601029322515))",60.00,,,,99,,,,,,118.69747,30.960467,06,,5,4,,1,,,256.00,西,337.86,341804000000,341804,0
12905,,34180200000320,34180200000334,梅溪路,6,梅溪路,梅溪路,118.695398,30.959767,118.698992,30.960646,,,355.91,,,34180201096,77.00,东,3,341802,1,3,,34180200000320_34180200000334,,04,1,"MULTILINESTRING ((118.695417900455 30.9597139997979, 118.696046872844 30.9598639801835, 118.696046872844 30.9598639801835, 118.698542862322 30.9604800098674, 118.699001948309 30.9605889964371))",60.00,,,,99,,,,,,118.69721,30.960151,04,,3,3,,1,,,77.00,东,1156.25,341804000000,341804,0
15690,,-34180200000320,34180200000334,梅溪路,6,梅溪路,梅溪路,118.695398,30.959767,118.698992,30.960646,,,355.88,,,34180201097,76.00,东,1,341802,1,1,,-34180200000320_34180200000334,,06,1,"MULTILINESTRING ((118.695457873575 30.9595649828708, 118.697733894795 30.9601209454979, 118.699041898535 30.960438986488))",60.00,,,,99,,,,,,118.69725,30.960003,06,,5,4,,1,,,76.00,东,400.69,341804000000,341804,0
2026,,-34180200000468,34180200000320,梅溪路,6,梅溪路,梅溪路,118.694090,30.959312,118.695398,30.959767,,,133.83,,,34180201098,77.00,东,1,341802,1,1,,-34180200000468_34180200000320,,06,1,"MULTILINESTRING ((118.694109936926 30.9592369637321, 118.694418891274 30.9593159995351, 118.695457873575 30.9595649828708))",60.00,,,,99,,,,,,118.694783,30.959403,06,,5,4,,1,,,76.00,东,139.25,341804000000,341804,0
16582,,34180200000468,34180200000320,梅溪路,6,梅溪路,梅溪路,118.694090,30.959312,118.695398,30.959767,,,133.80,,,34180201099,76.00,东,3,341802,1,3,,34180200000468_34180200000320,,04,1,"MULTILINESTRING ((118.69406987466 30.9593869738188, 118.695417900455 30.9597139997979))",60.00,,,,99,,,,,,118.694744,30.95955,04,,3,3,,1,,,76.00,东,426.01,341804000000,341804,0
11862,,34180200000323,34180200000528,梅溪路,6,梅溪路,梅溪路,118.703091,30.961792,118.700431,30.961137,,,264.17,,,34180201112,256.00,西,3,341802,1,3,,34180200000323_34180200000528,,04,1,"MULTILINESTRING ((118.703100930379 30.9617369484411, 118.700440866866 30.9610869922472))",60.00,,,,99,,,,,,118.701771,30.961412,04,,3,3,,1,,,256.00,西,805.87,341804000000,341804,0
11276,,-34180200000323,34180200000528,梅溪路,6,梅溪路,梅溪路,118.703091,30.961792,118.700431,30.961137,,,264.47,,,34180201113,256.00,西,1,341802,1,1,,-34180200000323_34180200000528,,06,1,"MULTILINESTRING ((118.703080899947 30.9618470027876, 118.702470956604 30.961696986963, 118.700420863756 30.9611869419373))",60.00,,,,99,,,,,,118.701751,30.961518,06,,5,4,,1,,,256.00,西,266.2,341804000000,341804,0
2614,,34180200006119,34180200000323,梅溪路,6,无名路,梅溪路,118.703441,30.961937,118.703091,30.961792,,,35.82,,,34180201114,256.00,西,1,341802,1,1,,34180200006119_34180200000323,,06,1,"MULTILINESTRING ((118.703440941058 30.9619369807386, 118.703080899947 30.9618470027876))",60.00,,,,99,,,,,,118.703261,30.961892,06,,5,4,,1,,,256.00,西,40.25,341804000000,341804,0
4599,,-34180200000341,34180200000324,梅溪路,6,梅溪路,无名路,118.706031,30.961897,118.708598,30.961615,,,242.99,,,34180201117,105.00,东,1,341802,1,1,,-34180200000341_34180200000324,,06,1,"MULTILINESTRING ((118.706030961612 30.9618069983505, 118.706639874805 30.9617869577815, 118.706809874807 30.961757016381, 118.707599892887 30.9616369672691, 118.708269961761 30.9614770010854, 118.708519958359 30.9614069371334))",60.00,,,,99,,,,,,118.707287,30.961684,06,,5,4,,1,,,93.00,东,247.37,341804000000,341804,0
12553,,34180200000341,34180200000324,梅溪路,6,梅溪路,无名路,118.706031,30.961897,118.708598,30.961615,,,249.92,,,34180201118,107.00,东,3,341802,1,3,,34180200000341_34180200000324,,04,1,"MULTILINESTRING ((118.706030916606 30.9619869755171, 118.706649912853 30.9619569684219, 118.70684989324 30.9619469290288, 118.707159961964 30.9619169408634, 118.707209929283 30.9619069885764, 118.707599862044 30.9618469853747, 118.707859879681 30.961786984378, 118.708079875838 30.9617369844353, 118.708319897825 30.9616769762413, 118.708589953572 30.9615869803057))",60.00,,,,99,,,,,,118.707327,30.961889,04,,3,3,,1,,,94.00,东,767.94,341804000000,341804,0
2265,,34180200000347,34180200000332,梅溪路,6,梅溪路,梅溪路,118.713874,30.959128,118.712140,30.959900,,,187.54,,,34180201158,298.00,西,3,341802,1,3,,34180200000347_34180200000332,,04,1,"MULTILINESTRING ((118.71384890511 30.9590779473133, 118.713698933109 30.959167985143, 118.713659929756 30.9591879886233, 118.713659929756 30.9591879886233, 118.713539957034 30.9592579617937, 118.713039924917 30.9595180027892, 118.712649942488 30.9597269656213, 118.712419928661 30.9598370078769, 118.712179905553 30.9599669391805))",60.00,,,,99,,,,,,118.713018,30.95953,04,,3,3,,1,,,301.00,西,569.37,341804000000,341804,0
14027,,-34180200000347,34180200000332,梅溪路,6,梅溪路,梅溪路,118.713874,30.959128,118.712140,30.959900,,,186.91,,,34180201159,299.00,西,1,341802,1,1,,-34180200000347_34180200000332,,06,1,"MULTILINESTRING ((118.713898950077 30.9591779619309, 118.713778872895 30.9592479367047, 118.712969934435 30.9596669714287, 118.712229875331 30.9600569417382))",50.00,,,,99,,,,,,118.713065,30.959618,06,,5,4,,1,,,299.00,西,187.54,341804000000,341804,0
5611,,34180200000528,34180200000334,梅溪路,6,梅溪路,梅溪路,118.700431,30.961137,118.698992,30.960646,,,145.76,,,34180201167,256.00,西,3,341802,1,3,,34180200000528_34180200000334,,04,1,"MULTILINESTRING ((118.700440866866 30.9610869922472, 118.69897291627 30.96072893926))",60.00,,,,99,,,,,,118.699707,30.960908,04,,3,3,,1,,,256.00,西,452.22,341804000000,341804,0
13902,,-34180200000528,34180200000334,梅溪路,6,梅溪路,梅溪路,118.700431,30.961137,118.698992,30.960646,,,145.76,,,34180201168,256.00,西,1,341802,1,1,,-34180200000528_34180200000334,,06,1,"MULTILINESTRING ((118.700420863756 30.9611869419373, 118.698952913273 30.9608289789744))",60.00,,,,99,,,,,,118.699687,30.961008,06,,5,4,,1,,,256.00,西,148.29,341804000000,341804,0
15810,,34180200000605,34180200005575,梅溪路,6,水阳江北大道,梅溪路,118.717004,30.957340,118.717909,30.956779,,,91.43,,,34180202249,119.00,东,3,341802,1,3,,34180200000605_34180200005575,,03,1,"MULTILINESTRING ((118.717098877674 30.9572179838158, 118.717908885029 30.956778972567))",60.00,,,,99,,,,,,118.717504,30.956998,03,,3,2,,1,,,119.00,东,370.78,341804000000,341804,0
10334,,-34180200000271,34180200000341,梅溪路,6,鸿越大道,梅溪路,118.703501,30.961665,118.706031,30.961897,,,235.97,,,34180200912,93.00,东,1,341802,1,1,,-34180200000271_34180200000341,,06,1,"MULTILINESTRING ((118.703590875655 30.9615669311512, 118.703860951585 30.9616369841567, 118.704270886933 30.9617069960067, 118.704780932588 30.9617669348487, 118.705330865847 30.9618269766629, 118.705910959983 30.9618169728017, 118.706030961612 30.9618069983505))",60.00,,,,99,,,,,,118.704803,30.961769,06,,5,4,,1,,,78.00,东,259.51,341804000000,341804,0
6771,,-34180200000334,34180200000271,梅溪路,6,梅溪路,鸿越大道,118.698992,30.960646,118.703501,30.961665,,,439.10,,,34180200916,76.00,东,1,341802,1,1,,-34180200000334_34180200000271,,06,1,"MULTILINESTRING ((118.699041898535 30.960438986488, 118.699611958596 30.9605779961399, 118.701160960306 30.9609670006338, 118.703460879735 30.9615269664038))",60.00,,,,99,,,,,,118.70125,30.960989,06,,5,4,,1,,,76.00,东,471.75,341804000000,341804,0
8303,,34180200000330,34180200000271,梅溪路,6,梅溪路,鸿越大道,118.703806,30.961957,118.703501,30.961665,,,35.26,,,34180200917,259.00,西,3,341802,1,3,,34180200000330_34180200000271,,04,1,"MULTILINESTRING ((118.70382086778 30.961896967876, 118.703460868028 30.9618270179249))",60.00,,,,99,,,,,,118.703641,30.961862,04,,3,3,,1,,,259.00,西,85.27,341804000000,341804,0
14005,,34180200000334,34180200000271,梅溪路,6,梅溪路,鸿越大道,118.698992,30.960646,118.703501,30.961665,,,440.32,,,34180200918,76.00,东,3,341802,1,3,,34180200000334_34180200000271,,04,1,"MULTILINESTRING ((118.699001948309 30.9605889964371, 118.70048096053 30.9609570075217, 118.703140884356 30.9616169785628, 118.703430953592 30.9616869493347))",60.00,,,,99,,,,,,118.701216,30.961139,04,,3,3,,1,,,76.00,东,1368.59,341804000000,341804,0
4698,,34180200000025,34180200000159,梅溪路,6,宛陵西路,无名路,118.731609,30.951151,118.726725,30.953573,,,542.97,,,34180200117,291.00,西,3,341802,1,3,,34180200000025_34180200000159,,03,1,"MULTILINESTRING ((118.731696895732 30.9512409330388, 118.731406923666 30.9514309288907, 118.730866891879 30.9517199902731, 118.73052688154 30.95190993275, 118.730416904448 30.9519699540426, 118.730146856933 30.9521099727514, 118.730146856933 30.9521099727514, 118.729906908783 30.9522300116485, 118.729706897301 30.9523299392146, 118.729706897301 30.9523299392146, 118.729546930642 30.9524099346094, 118.729446926195 30.952459988355, 118.729306952033 30.9525399865193, 118.729166930855 30.9525999577863, 118.728526909215 30.9529000005114, 118.728116891673 30.9530799574662, 118.728116891673 30.9530799574662, 118.727647865802 30.9532499667233, 118.727457883721 30.9533199863622, 118.726727918327 30.9535900089415))",60.00,,,,99,,,,,,118.729277,30.952553,03,,3,2,,1,,,304.00,西,1682.83,341804000000,341804,0
6471,,34180200000159,34180200000025,梅溪路,6,无名路,宛陵西路,118.726725,30.953573,118.731609,30.951151,,,531.18,,,34180200121,121.00,东,3,341802,1,4,,34180200000159_34180200000025,,03,1,"MULTILINESTRING ((118.726687940725 30.9534799414583, 118.727407932894 30.9532199759248, 118.728066864708 30.9529699346202, 118.728456888893 30.952789974632, 118.729076859229 30.9525099573132, 118.729236902192 30.9524399751574, 118.729386924238 30.9523599328075, 118.729476851755 30.9523199374577, 118.729656870603 30.9522200072174, 118.729656870603 30.9522200072174, 118.729836858576 30.9521300006223, 118.730076911225 30.9520099604584, 118.730346853926 30.9518699433019, 118.730466909285 30.9517999538436, 118.730816880493 30.9516109606691, 118.731326929363 30.9513309617118, 118.731556882964 30.9511909365996))",60.00,,,,99,,,,,,118.729182,30.952464,03,,3,2,,1,,,111.00,东,1706.71,341804000000,341804,0
6598,,34180200005615,34180200000025,梅溪路,6,无名路,宛陵西路,118.734556,30.949251,118.731609,30.951151,,,351.42,,,34180200122,304.00,西,3,341802,1,4,,34180200005615_34180200000025,,03,1,"MULTILINESTRING ((118.734555884945 30.949251002688, 118.734485924733 30.9493009275763, 118.734285916936 30.9494410069068, 118.733956873536 30.9496809695598, 118.733786932646 30.9498109918683, 118.73358692112 30.9499509799925, 118.733436952502 30.9500509635115, 118.733346943319 30.950121003686, 118.73309693271 30.9503209319171, 118.73284690535 30.9504909992843, 118.732746950578 30.9505609919986, 118.732626945974 30.9506510101996, 118.732606923238 30.9506609314975, 118.732606923238 30.9506609314975, 118.732496920332 30.9507309685374, 118.732036882579 30.9510209468353, 118.731696895732 30.9512409330388))",60.00,,,,99,,,,,,118.733149,30.950279,03,,2,2,,1,,,306.00,西,1046.36,341804000000,341804,0
5173,,34180200000084,34180200005596,梅溪路,6,梅溪路,状元南路,118.752494,30.939655,118.751674,30.939865,,,80.36,,,34180200234,289.00,西,4,341802,1,4,,34180200000084_34180200005596,,03,1,"MULTILINESTRING ((118.75245386972 30.9395949837013, 118.752203909042 30.9396849772068, 118.752103850553 30.9397249448572, 118.751673844903 30.9398650104727))",60.00,,,,99,,,,,,118.752066,30.939737,03,,4,2,,1,,,291.00,西,303.61,341802000000,341802,0
15279,,34180200000084,34180200005590,梅溪路,6,梅溪路,状元南路,118.752494,30.939655,118.751574,30.939935,,,93.24,,,34180200235,288.00,西,1,341802,1,1,,34180200000084_34180200005590,,06,1,"MULTILINESTRING ((118.752493898071 30.9396549739129, 118.752353859576 30.9396949425698, 118.751573915276 30.9399350169283))",50.00,,,,99,,,,,,118.752033,30.939794,06,,5,4,,1,,,288.00,西,84.01,341802000000,341802,0
2587,,34180200000193,34180200000084,梅溪路,6,响山路,梅溪路,118.755743,30.938312,118.752494,30.939655,,,340.93,,,34180200236,291.00,西,3,341802,1,3,,34180200000193_34180200000084,,03,1,"MULTILINESTRING ((118.755732931975 30.9383849295845, 118.755482846897 30.9384849446349, 118.754962920844 30.9386749572833, 118.754672932688 30.9387849849706, 118.754392912023 30.9388849532923, 118.753912883135 30.9390649478746, 118.753413910375 30.939245017285, 118.752753911232 30.9394850049795, 118.752623919622 30.9395249278859, 118.75245386972 30.9395949837013))",60.00,,,,99,,,,,,118.754096,30.938996,03,,4,2,,1,,,292.00,西,1082.9,341802000000,341802,0
12447,,34180200000082,34180200000438,梅溪路,6,卧龙巷,佳乐巷,118.724598,30.954200,118.723623,30.954440,,,95.59,,,34180200231,283.00,西,3,341802,1,3,,34180200000082_34180200000438,,03,1,"MULTILINESTRING ((118.724597939985 30.9541999711053, 118.72430791169 30.9542599545663, 118.723657871266 30.9543999784055, 118.723627903219 30.9544099407997))",60.00,,,,99,,,,,,118.724112,30.954302,03,,3,2,,1,,,283.00,西,299.27,341804000000,341804,0
1609,,34180200000159,34180200000082,梅溪路,6,无名路,卧龙巷,118.726725,30.953573,118.724598,30.954200,,,214.72,,,34180200233,283.00,西,3,341802,1,3,,34180200000159_34180200000082,,03,1,"MULTILINESTRING ((118.726727918327 30.9535900089415, 118.726557881795 30.953640003996, 118.725817920017 30.953889947288, 118.725567955424 30.9539599534107, 118.725507917005 30.9539799706445, 118.725147952317 30.9540799523142, 118.724597939985 30.9541999711053))",60.00,,,,99,,,,,,118.725673,30.953931,03,,3,2,,1,,,289.00,西,664.01,341804000000,341804,0
4534,,34180200000110,34180200000149,梅溪路,6,梅溪路,九同路,118.740775,30.944903,118.744030,30.943109,,,372.26,,,34180200267,116.00,东,3,341802,1,3,,34180200000110_34180200000149,,03,1,"MULTILINESTRING ((118.740714945987 30.9448530145757, 118.740764849625 30.9448229328725, 118.741174927325 30.9445630072045, 118.741234907107 30.9445229563262, 118.741624851079 30.9443130080433, 118.742014923948 30.9440929529974, 118.742144877212 30.9440330137202, 118.742264884646 30.9439729377577, 118.742704871061 30.943763935505, 118.74303487815 30.9436139711696, 118.743314903319 30.9434839858654, 118.743634859842 30.9433339751835, 118.743634859842 30.9433339751835, 118.744054908502 30.9431339881249))",60.00,,,,99,,,,,,118.742352,30.943932,03,,2,2,,1,,,123.00,东,1165.75,341802000000,341802,0
11683,,34180200000110,34180200005563,梅溪路,6,梅溪路,无名路,118.740775,30.944903,118.739886,30.945463,,,101.26,,,34180200268,302.00,西,3,341802,1,3,,34180200000110_34180200005563,,03,1,"MULTILINESTRING ((118.740764903992 30.9449529294429, 118.740374929311 30.9451729795166, 118.739885950414 30.9454630136894))",60.00,,,,99,,,,,,118.740323,30.945204,03,,2,2,,1,,,300.00,西,354.88,341802000000,341802,0
4749,,34180200005624,34180200000110,梅溪路,6,梅溪路,梅溪路,118.745205,30.942694,118.740775,30.944903,,,483.90,,,34180200269,303.00,西,3,341802,1,3,,34180200005624_34180200000110,,03,1,"MULTILINESTRING ((118.745204915179 30.9426940108557, 118.74492486769 30.9428340141213, 118.744604885961 30.9429939517132, 118.744464861424 30.943063952798, 118.74413486024 30.9432140108339, 118.743684849062 30.9434239650137, 118.743374863809 30.9435640080739, 118.743064875987 30.9437039602303, 118.742754946303 30.9438529322, 118.74219489308 30.9441129901152, 118.742084930841 30.9441729306096, 118.741654847861 30.9444029974636, 118.741654847861 30.9444029974636, 118.741304885996 30.9446129484126, 118.740844904842 30.9449029562385))",60.00,,,,99,,,,,,118.742993,30.943739,03,,2,2,,1,,,298.00,西,1482.69,341802000000,341802,0
14118,,34180200005642,34180200000110,梅溪路,6,无名路,梅溪路,118.739816,30.945383,118.740775,30.944903,,,104.09,,,34180200270,121.00,东,3,341802,1,3,,34180200005642_34180200000110,,03,1,"MULTILINESTRING ((118.739815942663 30.945382944676, 118.740294874234 30.9450929558563, 118.740714945987 30.9448530145757))",60.00,,,,99,,,,,,118.740262,30.945113,03,,2,2,,1,,,122.00,东,326.37,341802000000,341802,0
6484,,-34180200000149,34180200000160,梅溪路,6,九同路,九同路,118.744030,30.943109,118.745222,30.942592,,,119.93,,,34180200284,117.00,东,3,341802,1,4,,-34180200000149_34180200000160,,03,1,"MULTILINESTRING ((118.744054908502 30.9431339881249, 118.744414871693 30.9429739632854, 118.744534877947 30.9429139754994, 118.744924856153 30.9427239541868, 118.745104917645 30.9426340161788, 118.745154896023 30.9426139454849))",60.00,,,,99,,,,,,118.744607,30.942879,03,,2,2,,1,,,115.00,东,364.4,341802000000,341802,0
2574,,34180200000157,34180200000159,梅溪路,6,宣宝巷,无名路,118.721851,30.954834,118.726725,30.953573,,,481.15,,,34180200323,109.00,东,3,341802,1,3,,34180200000157_34180200000159,,03,1,"MULTILINESTRING ((118.721887943909 30.9547589905711, 118.722077933265 30.9546889788821, 118.722457928915 30.9545499468062, 118.722547936605 30.9545199688126, 118.722717947429 30.9544799930053, 118.723127892302 30.9544000104159, 118.723357910649 30.9543499415338, 118.723617898374 30.9542900000585, 118.723647939914 30.9542899601745, 118.724277881651 30.9541499339671, 118.724557861473 30.9540899944798, 118.72510787324 30.953969975879, 118.725467866885 30.9538599802445, 118.725527905239 30.9538399630315, 118.725777944924 30.9537799696855, 118.726517875154 30.9535399505398, 118.726517875154 30.9535399505398, 118.726687940725 30.9534799414583))",60.00,,,,99,,,,,,118.724294,30.954147,03,,3,2,,1,,,111.00,东,1530.13,341804000000,341804,0
15080,,34180200000157,34180200008788,梅溪路,6,宣宝巷,无名路,118.721851,30.954834,118.720096,30.955692,,,187.63,,,34180200325,297.00,西,3,341802,1,3,,34180200000157_34180200008788,,03,1,"MULTILINESTRING ((118.721827858578 30.9548989907781, 118.72142792841 30.9550589455339, 118.721307952925 30.9550989748405, 118.721197891217 30.9551489758981, 118.721007913973 30.9552489370685, 118.720657883567 30.9554189602682, 118.720367892504 30.9555689676715, 118.720095944065 30.9556919408169))",60.00,,,,99,,,,,,118.720953,30.955275,03,,3,2,,1,,,293.00,西,630.88,341804000000,341804,0
4000,,34180200000438,34180200000157,梅溪路,6,佳乐巷,宣宝巷,118.723623,30.954440,118.721851,30.954834,,,180.80,,,34180200327,289.00,西,3,341802,1,3,,34180200000438_34180200000157,,03,1,"MULTILINESTRING ((118.723627903219 30.9544099407997, 118.723377891508 30.9544600061857, 118.723167864692 30.9545099889319, 118.722987892653 30.9545490155945, 118.722747926795 30.9545989458186, 118.722567942584 30.9546489781179, 118.722567942584 30.9546489781179, 118.722507932665 30.9546589798962, 118.722127954473 30.9547990042421, 118.721827858578 30.9548989907781))",60.00,,,,99,,,,,,118.722715,30.954608,03,,3,2,,1,,,283.00,西,488.31,341804000000,341804,0
8918,,34180200005575,34180200000157,梅溪路,6,梅溪路,宣宝巷,118.717909,30.956779,118.721851,30.954834,,,442.10,,,34180200329,111.00,东,3,341802,1,3,,34180200005575_34180200000157,,03,1,"MULTILINESTRING ((118.717908885029 30.956778972567, 118.71805892379 30.956698942822, 118.718648941831 30.956338992356, 118.71875893166 30.9562789806617, 118.719138893118 30.9560789741832, 118.719328874048 30.9559790156406, 118.719508877692 30.9558889326722, 118.720068944791 30.9555989291774, 118.720297954021 30.9554689498485, 118.720597890183 30.9553189906013, 118.720937872055 30.9551490111894, 118.721237909202 30.9549989589373, 118.721367859571 30.9549489635329, 118.721887943909 30.9547589905711))",60.00,,,,99,,,,,,118.719867,30.955704,03,,3,2,,1,,,122.00,东,1313.4,341804000000,341804,0
7393,,34180200000160,34180200005467,梅溪路,6,九同路,梅溪路,118.745222,30.942592,118.750324,30.940275,,,546.15,,,34180200338,118.00,东,3,341802,1,4,,34180200000160_34180200005467,,03,1,"MULTILINESTRING ((118.745264931807 30.9425640151223, 118.745674897764 30.9423739923276, 118.745674897764 30.9423739923276, 118.745864871174 30.9422939330683, 118.745974906199 30.9422440021265, 118.746553881933 30.9419839431811, 118.746823928008 30.9418640087694, 118.747083923331 30.9417439390334, 118.747523947951 30.9415439415912, 118.748273943315 30.9412039793108, 118.748483931128 30.9411139927523, 118.748703887544 30.9410139475392, 118.748933918741 30.940903932399, 118.749143905239 30.940813944812, 118.749293857752 30.9407549908461, 118.749543904787 30.9406349607195, 118.750053886924 30.940414972898, 118.750103891493 30.9403849765393, 118.750323872881 30.9402750048588))",60.00,,,,99,,,,,,118.747796,30.941421,03,,4,2,,1,,,116.00,东,1735.95,341802000000,341802,0
16386,,34180200005534,34180200000160,梅溪路,6,鳌峰西路,九同路,118.746595,30.942084,118.745222,30.942592,,,131.92,,,34180200341,294.00,西,3,341802,1,4,,34180200005534_34180200000160,,03,1,"MULTILINESTRING ((118.746594950094 30.9420839758578, 118.746014925875 30.9423439589473, 118.745904892401 30.942393980117, 118.745724861052 30.9424739953584, 118.745364929359 30.942624009675))",60.00,,,,99,,,,,,118.745982,30.942359,03,,4,2,,1,,,295.00,西,335.64,341802000000,341802,0
7762,,34180200000207,34180200005638,梅溪路,6,状元南路,梅溪路,118.751257,30.939928,118.751014,30.940085,,,26.34,,,34180200582,293.00,西,3,341802,1,3,,34180200000207_34180200005638,,03,1,"MULTILINESTRING ((118.751263879834 30.9399849562609, 118.751013890208 30.9400849615538))",60.00,,,,99,,,,,,118.751139,30.940035,03,,4,2,,1,,,293.00,西,150.48,341802000000,341802,0
15057,,34180200005596,34180200000207,梅溪路,6,状元南路,状元南路,118.751674,30.939865,118.751257,30.939928,,,41.37,,,34180200586,287.00,西,4,341802,1,4,,34180200005596_34180200000207,,03,1,"MULTILINESTRING ((118.751673844903 30.9398650104727, 118.751263879834 30.9399849562609))",60.00,,,,99,,,,,,118.751469,30.939925,03,,4,2,,1,,,287.00,西,100.45,341802000000,341802,0
9797,,34180200005501,34180200000207,梅溪路,6,状元南路,状元南路,118.750734,30.940085,118.751257,30.939928,,,49.61,,,34180200588,110.00,东,4,341802,1,4,,34180200005501_34180200000207,,03,1,"MULTILINESTRING ((118.750733923093 30.9400849652774, 118.751053880515 30.9399649776384, 118.751213936851 30.9399149961285))",60.00,,,,99,,,,,,118.750972,30.939996,03,,4,2,,1,,,112.00,东,148.28,341802000000,341802,0
12921,,34180200000500,34180200005534,梅溪路,6,陵西路,鳌峰西路,118.749179,30.940949,118.746595,30.942084,,,278.54,,,34180201893,296.00,西,3,341802,1,3,,34180200000500_34180200005534,,03,1,"MULTILINESTRING ((118.749173880816 30.9409139463281, 118.748993855138 30.9409939659345, 118.74876392844 30.9411039797697, 118.748513879162 30.9412240084615, 118.748313937868 30.9413139493833, 118.747613949481 30.9416240066652, 118.747133914813 30.9418339274593, 118.746863870882 30.9419539526927, 118.746594950094 30.9420839758578))",60.00,,,,99,,,,,,118.747886,30.941503,03,,4,2,,1,,,296.00,西,844.16,341802000000,341802,0
5486,,34180200000525,34180200005957,梅溪路,6,梅溪路,水阳江西大道,118.714784,30.958353,118.716149,30.957738,,,147.65,,,34180201965,120.00,东,4,341802,1,5,,34180200000525_34180200005957,,04,1,"MULTILINESTRING ((118.714848952283 30.9584579910492, 118.715118862195 30.9583079916215, 118.715518894479 30.9580879722626, 118.715518894479 30.9580879722626, 118.71614888728 30.9577379668784))",60.00,,,,99,,,,,,118.715499,30.958099,04,,3,3,,1,,,120.00,东,771.14,341804000000,341804,0
8156,,34180200000330,34180200006119,梅溪路,6,梅溪路,无名路,118.703806,30.961957,118.703441,30.961937,,,34.59,,,34180201147,257.00,西,1,341802,1,1,,34180200000330_34180200006119,,06,1,"MULTILINESTRING ((118.703790860591 30.9620169871956, 118.703440941058 30.9619369807386))",60.00,,,,99,,,,,,118.703616,30.961977,06,,5,4,,1,,,257.00,西,33.79,341804000000,341804,0
14467,,34180200000358,34180200000330,梅溪路,6,无名路,梅溪路,118.707290,30.962046,118.703806,30.961957,,,323.17,,,34180201148,261.00,西,3,341802,1,3,,34180200000358_34180200000330,,04,1,"MULTILINESTRING ((118.70717988408 30.9620069816238, 118.707019860997 30.9620269583927, 118.706839875568 30.9620370045358, 118.706520906908 30.9620669290738, 118.706030883029 30.9620969466057, 118.705990892805 30.9620969333902, 118.705430928151 30.9620969288402, 118.70527089554 30.9620869525851, 118.705100918528 30.962077017162, 118.704710880282 30.9620369671058, 118.704360865594 30.9619870056328, 118.70382086778 30.961896967876))",60.00,,,,99,,,,,,118.705495,30.962097,04,,3,3,,1,,,276.00,西,1063.07,341804000000,341804,0
14107,,-34180200000358,34180200000330,梅溪路,6,无名路,梅溪路,118.707290,30.962046,118.703806,30.961957,,,347.79,,,34180201149,261.00,西,1,341802,1,1,,-34180200000358_34180200000330,,06,1,"MULTILINESTRING ((118.707399873821 30.962085988624, 118.707039910678 30.9621359423874, 118.70673986066 30.9621759920881, 118.706530875694 30.9621859698358, 118.706230961194 30.9622160028387, 118.705620923568 30.9622259524399, 118.705180873319 30.9622169661314, 118.704700869317 30.962156993402, 118.704570880867 30.9621469807053, 118.70392088883 30.9620469374237, 118.703790860591 30.9620169871956))",60.00,,,,99,,,,,,118.705592,30.962225,06,,5,4,,1,,,279.00,西,355.09,341804000000,341804,0
1425,,34180200000605,34180200005876,梅溪路,6,水阳江北大道,梅溪路,118.717004,30.957340,118.716239,30.957808,,,74.86,,,34180202252,299.00,西,3,341802,1,3,,34180200000605_34180200005876,,04,1,"MULTILINESTRING ((118.716908884578 30.9574579508963, 118.716238908246 30.9578079497227))",60.00,,,,99,,,,,,118.716574,30.957633,04,,3,3,,1,,,299.00,西,341.09,341804000000,341804,0
11916,,34180200005581,34180200000605,梅溪路,6,水阳江北大道,水阳江北大道,118.717949,30.956899,118.717004,30.957340,,,93.64,,,34180202253,299.00,西,4,341802,1,4,,34180200005581_34180200000605,,03,1,"MULTILINESTRING ((118.717948927214 30.9568989655651, 118.717118894864 30.9573479862789))",60.00,,,,99,,,,,,118.717534,30.957123,03,,3,2,,1,,,299.00,西,179.55,341804000000,341804,0
1023,,34180200005957,34180200000605,梅溪路,6,水阳江西大道,水阳江北大道,118.716149,30.957738,118.717004,30.957340,,,83.47,,,34180202255,119.00,东,5,341802,1,5,,34180200005957_34180200000605,,04,1,"MULTILINESTRING ((118.71614888728 30.9577379668784, 118.716888942102 30.9573379611174))",60.00,,,,99,,,,,,118.716519,30.957538,04,,3,3,,1,,,119.00,东,187.55,341804000000,341804,0
3706,,34180200005586,34180200005496,梅溪路,6,梅溪路,响山路,118.751564,30.939785,118.754913,30.938585,,,346.73,,,34180202999,112.00,东,3,341802,1,3,,34180200005586_34180200005496,,03,1,"MULTILINESTRING ((118.751563851746 30.9397849485425, 118.751783931059 30.9397149375026, 118.752053855709 30.9396349584611, 118.752173930793 30.9395849764805, 118.752273856239 30.9395549340198, 118.752403874628 30.9395049974488, 118.752703914281 30.9393949286595, 118.753383931041 30.9391450168755, 118.753882903353 30.9389649475958, 118.754082884386 30.9388949348059, 118.754352859004 30.9387950132951, 118.754622936021 30.9386949996289, 118.754912923973 30.9385849720605))",60.00,,,,99,,,,,,118.753242,30.939197,03,,4,2,,1,,,108.00,东,1049.86,341802000000,341802,0
1277,,34180200005467,34180200005501,梅溪路,6,梅溪路,状元南路,118.750324,30.940275,118.750734,30.940085,,,44.51,,,34180202962,116.00,东,4,341802,1,4,,34180200005467_34180200005501,,03,1,"MULTILINESTRING ((118.750323872881 30.9402750048588, 118.750503922809 30.9401849694675, 118.750733923093 30.9400849652774))",60.00,,,,99,,,,,,118.750527,30.940175,03,,4,2,,1,,,116.00,东,194.62,341802000000,341802,0
37,,34180200008441,34180200005581,梅溪路,6,无名路,水阳江北大道,118.719134,30.956254,118.717949,30.956899,,,135.83,,,34180203076,301.00,西,3,341802,1,3,,34180200008441_34180200005581,,03,1,"MULTILINESTRING ((118.719129867734 30.9562179329993, 118.718818893823 30.9563889653267, 118.718728927755 30.9564389676488, 118.718638931576 30.9564989840211, 118.718138911052 30.9567990086787, 118.717948927214 30.9568989655651))",60.00,,,,99,,,,,,118.71854,30.956559,03,,3,2,,1,,,300.00,西,479.14,341804000000,341804,0
1605,,34180200005563,34180200005615,梅溪路,6,无名路,无名路,118.739886,30.945463,118.734556,30.949251,,,660.64,,,34180203062,306.00,西,3,341802,1,3,,34180200005563_34180200005615,,03,1,"MULTILINESTRING ((118.739885950414 30.9454630136894, 118.738725884595 30.9461830119693, 118.738375853616 30.9464129835176, 118.738325918737 30.9464529882109, 118.737185880527 30.9472919657134, 118.736805869313 30.9475719534901, 118.736355899292 30.9479019562485, 118.736145894626 30.9480619293918, 118.736115903366 30.9480819988195, 118.735695891732 30.9484019440579, 118.735545871195 30.9485219579939, 118.735035953559 30.9489119413717, 118.734775914125 30.9491010013523, 118.734555884945 30.949251002688))",60.00,,,,99,,,,,,118.737179,30.947297,03,,2,2,,1,,,303.00,西,1992.78,341802000000|341804000000,"341802,341804",0
124,,34180200008788,34180200008441,梅溪路,6,无名路,无名路,118.720096,30.955692,118.719134,30.956254,,,109.21,,,34180205116,298.00,西,3,341802,1,3,,34180200008788_34180200008441,,03,1,"MULTILINESTRING ((118.720095944065 30.9556919408169, 118.719588895623 30.9559789835048, 118.71923893461 30.9561590157485, 118.719129867734 30.9562179329993))",60.00,,,,99,,,,,,118.719617,30.955963,03,,3,2,,1,,,301.00,西,345.4,341804000000,341804,0
2999,,34180200006023,34180200005876,梅溪路,6,梅溪路,梅溪路,118.716469,30.957828,118.716239,30.957808,,,22.21,,,34180203419,265.00,西,1,341802,1,1,,34180200006023_34180200005876,,04,1,"MULTILINESTRING ((118.716468936547 30.9578279887269, 118.71635887308 30.9578079800109, 118.716238908246 30.9578079497227))",60.00,,,,99,,,,,,118.716355,30.957808,04,,3,3,,1,,,265.00,西,7.39,341804000000,341804,12
8678,,34180200005658,34180200005575,梅溪路,6,水阳江西大道,梅溪路,118.717069,30.956449,118.717909,30.956779,,,98.24,,,34180203072,91.00,东,1,341802,1,1,,34180200005658_34180200005575,,03,1,"MULTILINESTRING ((118.717068891919 30.9564489501838, 118.717108890216 30.9565490068448, 118.717198923236 30.9566489398089, 118.717298859147 30.9567289842992, 118.717438873487 30.9567789961286, 118.717618891644 30.9567889624485, 118.717908885029 30.956778972567))",60.00,,,,99,,,,,,118.717416,30.956771,03,,3,2,,1,,,39.00,北,57.1,341804000000,341804,12
13093,,34180200005585,34180200005586,梅溪路,6,状元南路,梅溪路,118.751314,30.939585,118.751564,30.939785,,,32.86,,,34180203082,51.00,东,2,341802,1,2,,34180200005585_34180200005586,,03,1,"MULTILINESTRING ((118.751313939414 30.9395849948551, 118.751333847777 30.9396149464754, 118.751363908967 30.9396449409424, 118.751403913726 30.9396749810846, 118.751443916864 30.9397049310226, 118.751483921672 30.9397349711378, 118.751483921672 30.9397349711378, 118.751563851746 30.9397849485425))",60.00,,,,99,,,,,,118.75143,30.939695,03,,4,2,,1,,,51.00,东,73.57,341802000000,341802,12
7152,,34180200005654,34180200005585,梅溪路,6,状元南路,状元南路,118.751224,30.939505,118.751314,30.939585,,,12.37,,,34180203083,48.00,东,2,341802,1,2,,34180200005654_34180200005585,,03,1,"MULTILINESTRING ((118.751223936927 30.939504932379, 118.751253893414 30.9395349282924, 118.751313939414 30.9395849948551))",60.00,,,,99,,,,,,118.751268,30.939546,03,,4,2,,1,,,48.00,东,14.78,341802000000,341802,12
2605,,34180200005589,34180200005638,梅溪路,6,状元南路,梅溪路,118.751254,30.940225,118.751014,30.940085,,,29.32,,,34180203087,240.00,西,2,341802,1,2,,34180200005589_34180200005638,,03,1,"MULTILINESTRING ((118.751253918495 30.9402249678103, 118.751173885729 30.9401349370059, 118.751133882485 30.9401049869899, 118.751013890208 30.9400849615538))",60.00,,,,99,,,,,,118.751153,30.94012,03,,5,2,,1,,,240.00,西,68.36,341802000000,341802,12
11548,,34180200005623,34180200005624,梅溪路,6,鳌峰西路,梅溪路,118.745845,30.942784,118.745205,30.942694,,,65.62,,,34180203120,250.00,西,1,341802,1,1,,34180200005623_34180200005624,,03,1,"MULTILINESTRING ((118.745844894298 30.9427839702314, 118.745724916338 30.9428339451684, 118.745534902239 30.9428139583843, 118.745384897066 30.9427839586191, 118.745304940137 30.9427439914182, 118.745204915179 30.9426940108557))",50.00,,,,99,,,,,,118.745519,30.942811,03,,2,2,,1,,,270.00,西,68.97,341802000000,341802,12
5849,,34180200006045,34180200006023,梅溪路,6,水阳江北大道,梅溪路,118.717029,30.958148,118.716469,30.957828,,,65.36,,,34180203546,245.00,西,1,341802,1,1,,34180200006045_34180200006023,,04,1,"MULTILINESTRING ((118.717028946745 30.9581479331022, 118.716918948415 30.958037981025, 118.716748936038 30.9579379378469, 118.716558901254 30.9578479937319, 118.716468936547 30.9578279887269))",60.00,,,,99,,,,,,118.716771,30.957951,04,,3,3,,1,,,233.00,西,45.34,341804000000,341804,12
